Fréquence (Hz)	Niveau (dB)
43,066406	-34,448357
86,132812	-43,492203
129,199219	-45,537731
172,265625	-43,172562
215,332031	-39,690739
258,398438	-38,547001
301,464844	-41,593658
344,531250	-43,656921
387,597656	-44,636505
430,664062	-44,391548
473,730469	-46,217575
516,796875	-46,789440
559,863281	-49,066135
602,929688	-49,555122
645,996094	-50,029282
689,062500	-49,198120
732,128906	-50,428883
775,195312	-51,216816
818,261719	-53,019901
861,328125	-55,412384
904,394531	-56,436699
947,460938	-57,225349
990,527344	-57,756481
1033,593750	-54,397606
1076,660156	-55,233086
1119,726562	-57,544559
1162,792969	-59,478905
1205,859375	-59,423470
1248,925781	-57,448494
1291,992188	-58,362534
1335,058594	-58,688370
1378,125000	-59,865753
1421,191406	-59,843002
1464,257812	-59,993233
1507,324219	-61,092762
1550,390625	-61,297619
1593,457031	-61,266533
1636,523438	-61,162502
1679,589844	-60,697998
1722,656250	-61,548088
1765,722656	-61,884293
1808,789062	-62,071766
1851,855469	-61,663330
1894,921875	-61,906822
1937,988281	-62,869347
1981,054688	-63,048805
2024,121094	-63,156925
2067,187500	-62,964260
2110,253906	-62,471790
2153,320312	-63,186989
2196,386719	-62,715405
2239,453125	-62,717484
2282,519531	-63,094650
2325,585938	-62,921375
2368,652344	-62,706795
2411,718750	-64,032410
2454,785156	-61,884220
2497,851562	-59,234150
2540,917969	-62,200279
2583,984375	-64,489433
2627,050781	-64,803802
2670,117188	-64,406425
2713,183594	-64,045036
2756,250000	-64,569771
2799,316406	-65,155975
2842,382812	-65,474449
2885,449219	-65,492226
2928,515625	-66,013512
2971,582031	-65,833397
3014,648438	-66,185173
3057,714844	-66,478584
3100,781250	-65,862419
3143,847656	-65,621048
3186,914062	-66,025780
3229,980469	-66,475464
3273,046875	-66,640442
3316,113281	-66,388496
3359,179688	-66,171341
3402,246094	-66,327904
3445,312500	-66,356438
3488,378906	-65,425629
3531,445312	-65,204102
3574,511719	-64,947914
3617,578125	-65,425293
3660,644531	-66,024963
3703,710938	-65,534920
3746,777344	-65,753761
3789,843750	-66,249107
3832,910156	-65,232010
3875,976562	-64,249687
3919,042969	-65,541176
3962,109375	-66,018341
4005,175781	-65,249916
4048,242188	-64,768158
4091,308594	-66,224792
4134,375000	-65,362778
4177,441406	-64,675049
4220,507812	-65,047058
4263,574219	-65,649353
4306,640625	-66,191597
4349,707031	-66,670296
4392,773438	-66,979256
4435,839844	-66,080589
4478,906250	-65,353455
4521,972656	-65,975006
4565,039062	-66,468613
4608,105469	-66,145920
4651,171875	-65,504387
4694,238281	-65,870705
4737,304688	-66,357445
4780,371094	-66,334900
4823,437500	-66,385773
4866,503906	-67,131340
4909,570312	-67,072746
4952,636719	-65,965614
4995,703125	-65,554497
5038,769531	-66,785423
5081,835938	-66,024376
5124,902344	-63,317905
5167,968750	-62,723648
5211,035156	-61,988609
5254,101562	-61,312809
5297,167969	-62,918976
5340,234375	-64,394142
5383,300781	-65,327972
5426,367188	-65,983437
5469,433594	-65,852089
5512,500000	-65,779305
5555,566406	-64,793030
5598,632812	-63,759556
5641,699219	-61,775574
5684,765625	-61,401703
5727,832031	-63,926407
5770,898438	-65,724899
5813,964844	-65,173958
5857,031250	-65,021263
5900,097656	-65,276169
5943,164062	-66,792915
5986,230469	-67,495934
6029,296875	-66,526169
6072,363281	-66,912148
6115,429688	-65,843102
6158,496094	-65,943520
6201,562500	-67,180267
6244,628906	-67,441399
6287,695312	-66,160263
6330,761719	-65,177383
6373,828125	-65,690056
6416,894531	-66,416916
6459,960938	-66,365906
6503,027344	-66,690910
6546,093750	-67,431236
6589,160156	-67,689354
6632,226562	-68,193527
6675,292969	-68,080589
6718,359375	-67,940514
6761,425781	-68,035728
6804,492188	-68,213867
6847,558594	-67,961563
6890,625000	-67,607529
6933,691406	-67,762566
6976,757812	-67,657181
7019,824219	-67,895058
7062,890625	-68,347763
7105,957031	-67,744293
7149,023438	-67,268227
7192,089844	-67,337463
7235,156250	-67,738739
7278,222656	-68,646873
7321,289062	-68,288635
7364,355469	-68,055046
7407,421875	-68,105072
7450,488281	-67,688576
7493,554688	-67,882584
7536,621094	-67,820679
7579,687500	-67,082207
7622,753906	-66,870796
7665,820312	-67,337410
7708,886719	-67,304474
7751,953125	-67,501236
7795,019531	-68,025787
7838,085938	-67,447784
7881,152344	-67,169395
7924,218750	-67,595795
7967,285156	-67,634743
8010,351562	-67,535164
8053,417969	-67,606758
8096,484375	-67,732864
8139,550781	-67,690399
8182,617188	-67,588280
8225,683594	-67,119003
8268,750000	-67,131470
8311,816406	-66,647118
8354,882812	-66,046532
8397,949219	-66,466095
8441,015625	-66,827438
8484,082031	-67,422600
8527,148438	-67,234749
8570,214844	-67,549164
8613,281250	-67,162834
8656,347656	-66,328468
8699,414062	-66,051056
8742,480469	-66,166763
8785,546875	-66,802216
8828,613281	-66,476768
8871,679688	-66,475113
8914,746094	-66,486649
8957,812500	-66,598999
9000,878906	-67,007477
9043,945312	-67,631416
9087,011719	-67,739067
9130,078125	-67,548088
9173,144531	-67,039688
9216,210938	-66,878181
9259,277344	-66,778175
9302,343750	-66,841293
9345,410156	-66,746170
9388,476562	-66,850761
9431,542969	-67,066345
9474,609375	-66,747284
9517,675781	-66,927864
9560,742188	-67,636345
9603,808594	-67,660484
9646,875000	-67,708656
9689,941406	-67,419846
9733,007812	-66,850471
9776,074219	-66,573814
9819,140625	-66,406052
9862,207031	-66,737198
9905,273438	-66,860107
9948,339844	-67,140305
9991,406250	-67,977280
10034,472656	-68,033966
10077,539062	-67,842087
10120,605469	-67,068672
10163,671875	-67,130424
10206,738281	-67,133942
10249,804688	-66,093971
10292,871094	-65,867638
10335,937500	-66,319328
10379,003906	-66,182869
10422,070312	-64,877960
10465,136719	-65,933495
10508,203125	-66,355034
10551,269531	-67,732430
10594,335938	-67,696068
10637,402344	-68,020660
10680,468750	-67,752998
10723,535156	-66,893150
10766,601562	-66,887779
10809,667969	-66,817902
10852,734375	-66,677612
10895,800781	-66,619102
10938,867188	-66,759377
10981,933594	-66,544220
11025,000000	-65,830063
11068,066406	-66,201523
11111,132812	-66,688065
11154,199219	-66,400635
11197,265625	-65,810272
11240,332031	-65,024345
11283,398438	-65,488861
11326,464844	-66,044525
11369,531250	-66,102379
11412,597656	-66,689705
11455,664062	-66,934540
11498,730469	-66,889641
11541,796875	-66,780922
11584,863281	-66,900696
11627,929688	-66,800270
11670,996094	-66,797195
11714,062500	-67,806870
11757,128906	-68,242706
11800,195312	-68,066696
11843,261719	-67,880539
11886,328125	-67,561852
11929,394531	-67,813965
11972,460938	-67,444405
12015,527344	-67,742287
12058,593750	-67,647697
12101,660156	-67,261726
12144,726562	-67,249298
12187,792969	-66,495064
12230,859375	-66,621483
12273,925781	-66,505592
12316,992188	-65,924660
12360,058594	-64,893494
12403,125000	-62,671429
12446,191406	-60,984764
12489,257812	-62,472149
12532,324219	-62,874142
12575,390625	-63,907303
12618,457031	-64,185753
12661,523438	-63,750591
12704,589844	-64,445541
12747,656250	-64,015625
12790,722656	-63,833378
12833,789062	-63,216946
12876,855469	-63,129196
12919,921875	-63,476326
12962,988281	-63,561016
13006,054688	-63,728512
13049,121094	-63,609119
13092,187500	-63,473648
13135,253906	-63,216690
13178,320312	-62,964157
13221,386719	-62,453312
13264,453125	-62,923046
13307,519531	-62,893589
13350,585938	-62,622292
13393,652344	-62,503544
13436,718750	-62,494637
13479,785156	-62,491096
13522,851562	-62,406223
13565,917969	-62,047253
13608,984375	-62,055641
13652,050781	-61,398167
13695,117188	-60,682793
13738,183594	-59,917110
13781,250000	-59,198429
13824,316406	-59,552502
13867,382812	-59,987026
13910,449219	-60,424213
13953,515625	-60,632454
13996,582031	-59,744392
14039,648438	-59,074123
14082,714844	-58,364498
14125,781250	-58,868740
14168,847656	-60,133247
14211,914062	-59,862675
14254,980469	-59,148468
14298,046875	-59,121033
14341,113281	-59,158474
14384,179688	-59,565712
14427,246094	-59,027958
14470,312500	-58,170109
14513,378906	-58,373466
14556,445312	-59,071335
14599,511719	-59,350655
14642,578125	-59,592148
14685,644531	-58,896175
14728,710938	-58,488407
14771,777344	-59,252121
14814,843750	-59,565090
14857,910156	-59,934002
14900,976562	-59,672554
14944,042969	-59,355801
14987,109375	-59,633774
15030,175781	-59,067432
15073,242188	-59,240139
15116,308594	-59,506866
15159,375000	-59,370369
15202,441406	-59,200317
15245,507812	-58,858662
15288,574219	-59,371609
15331,640625	-59,775723
15374,707031	-59,009167
15417,773438	-59,598534
15460,839844	-60,527046
15503,906250	-60,205051
15546,972656	-60,417110
15590,039062	-60,536446
15633,105469	-61,043701
15676,171875	-61,569504
15719,238281	-61,222565
15762,304688	-61,551689
15805,371094	-61,895649
15848,437500	-61,142742
15891,503906	-61,626476
15934,570312	-61,087917
15977,636719	-60,961048
16020,703125	-61,001526
16063,769531	-61,069656
16106,835938	-61,521145
16149,902344	-62,080975
16192,968750	-62,783863
16236,035156	-63,192196
16279,101562	-63,156937
16322,167969	-63,232479
16365,234375	-63,418175
16408,300781	-63,399467
16451,367188	-63,880829
16494,433594	-63,309902
16537,500000	-63,270668
16580,566406	-63,694565
16623,632812	-62,987724
16666,699219	-63,515015
16709,765625	-63,965931
16752,832031	-63,852921
16795,898438	-64,425514
16838,964844	-64,964233
16882,031250	-64,598717
16925,097656	-63,125561
16968,164062	-61,287067
17011,230469	-61,129143
17054,296875	-62,165993
17097,363281	-63,633575
17140,429688	-65,088890
17183,496094	-65,213982
17226,562500	-66,024010
17269,628906	-66,717064
17312,695312	-66,927292
17355,761719	-66,497955
17398,828125	-66,229530
17441,894531	-66,227562
17484,960938	-66,902504
17528,027344	-66,368179
17571,093750	-65,687515
17614,160156	-66,584564
17657,226562	-67,016785
17700,292969	-67,433861
17743,359375	-67,939873
17786,425781	-67,986115
17829,492188	-67,850479
17872,558594	-67,961266
17915,625000	-67,805794
17958,691406	-68,162239
18001,757812	-68,337540
18044,824219	-68,578644
18087,890625	-69,040268
18130,957031	-70,197144
18174,023438	-71,026245
18217,089844	-69,694878
18260,156250	-68,819839
18303,222656	-68,996040
18346,289062	-70,002022
18389,355469	-70,682930
18432,421875	-70,083122
18475,488281	-68,930367
18518,554688	-67,459465
18561,621094	-67,787849
18604,687500	-68,752480
18647,753906	-70,019913
18690,820312	-70,285469
18733,886719	-70,589478
18776,953125	-70,849655
18820,019531	-71,698654
18863,085938	-71,804604
18906,152344	-71,410530
18949,218750	-70,463707
18992,285156	-71,058777
19035,351562	-71,203568
19078,417969	-69,979408
19121,484375	-69,679893
19164,550781	-70,395134
19207,617188	-70,445312
19250,683594	-70,444458
19293,750000	-69,800652
19336,816406	-67,998032
19379,882812	-67,402664
19422,949219	-68,672852
19466,015625	-69,590271
19509,082031	-70,180901
19552,148438	-71,503723
19595,214844	-71,022728
19638,281250	-70,141983
19681,347656	-69,895782
19724,414062	-69,722931
19767,480469	-69,392906
19810,546875	-67,770935
19853,613281	-66,102280
19896,679688	-67,019646
19939,746094	-69,393379
19982,812500	-70,812454
20025,878906	-71,832359
20068,945312	-73,087059
20112,011719	-73,781418
20155,078125	-73,277168
20198,144531	-73,345947
20241,210938	-73,448357
20284,277344	-72,761475
20327,343750	-72,559273
20370,410156	-72,670410
20413,476562	-73,686272
20456,542969	-74,369408
20499,609375	-74,052437
20542,675781	-75,029884
20585,742188	-75,616219
20628,808594	-75,716446
20671,875000	-74,849846
20714,941406	-74,372475
20758,007812	-74,996880
20801,074219	-74,778358
20844,140625	-75,471802
20887,207031	-75,013123
20930,273438	-74,436134
20973,339844	-73,854202
21016,406250	-74,965736
21059,472656	-76,108376
21102,539062	-75,577644
21145,605469	-76,548134
21188,671875	-77,148659
21231,738281	-76,989365
21274,804688	-77,389404
21317,871094	-78,936951
21360,937500	-78,447350
21404,003906	-78,647202
21447,070312	-79,516663
21490,136719	-79,145645
21533,203125	-78,813583
21576,269531	-79,229050
21619,335938	-80,221497
21662,402344	-80,565102
21705,468750	-81,113487
21748,535156	-84,602760
21791,601562	-87,933548
21834,667969	-89,494194
21877,734375	-90,078011
21920,800781	-90,926750
21963,867188	-91,315697
22006,933594	-91,480705
